Artist,Artwork,Year,Gen,Materiality,Methodology,Actor Relationships & Configuration,Ethical Approach,Aesthetic Strategy,Epistemic Function,Philosophical Stance,Social Context,Audience Engagement,Temporal Scale,Spatio Scale,Power and Capital Critique,Documentation & Representation,Materiality_ko,Methodology_ko,Actor Relationships & Configuration_ko,Ethical Approach_ko,Aesthetic Strategy_ko,Epistemic Function_ko,Philosophical Stance_ko,Social Context_ko,Audience Engagement_ko,Temporal Scale_ko,Spatio Scale_ko,Power and Capital Critique_ko,Documentation & Representation_ko
Joe Davis,Microvenus,1986,1,"DNA Base Sequence, Microorganism (Bacteria)","Gene Editing, Bioinformatics","Artist-Led, Autonomous Biological Processes","Instrumental, Reflective","Conceptual, Data Aesthetics","Social Criticism, Knowledge Production, Future Proposal","Post-Anthropocentrism, Ecofeminism","Laboratory, Science Research Institute","Interpretive Engagement, Observational","Evolutionary, Intergenerational","Molecular Unit, Cell Unit","Institutional Criticism, Intellectual Property Rights","Microscope Image, Diagram, Research Notes, Publication","DNA 염기서열, 미생물 (박테리아)","유전자 편집, 생물정보학","예술가 주도, 자율적 생물 과정","도구적, 성찰적","개념적, 데이터 미학","사회비판, 지식생산, 미래제안","탈인간 중심주의, 생태 여성주의","실험실, 과학 연구소","해석적 참여, 관찰적","진화적, 세대간","분자단위, 세포단위","제도비판, 지적 재산권","현미경 이미지, 다이어그램, 연구노트, 출판물"
Joe Davis,Poetica Vaginal,1986,1,"Biosignals, Data","Biosensing, Data Visualization, Telepresence","Artist-Led, Human-Centered Creation","Instrumental, Provocative","Conceptual, Performative, Auditory (Sound)","Social Criticism, Provocation And Controversy","Post-Anthropocentrism, Ecofeminism","Science Research Institute, Public Places (Universe)","Interpretive Engagement, Observational","Momentary, Temporary","Global Network, Macro","Institutional Criticism, Governance","Data Visualization, Lecture Performance, Narrative","생체신호, 데이터","바이오 센싱, 데이터 시각화, 원격현존","예술가 주도, 인간 중심적 창작","도구적, 도발적","개념적, 퍼포먼스적, 청각적 (소리)","사회비판, 도발과 논쟁","탈인간 중심주의, 생태 여성주의","과학 연구소, 공공장소 (우주)","해석적 참여, 관찰적","순간적, 일시적","지구적 네트워크, 매크로","제도비판, 거버넌스","데이터 시각화, 강연 퍼포먼스, 내러티브"
Joe Davis,Audio Microscope,2000,1,"Microorganism, Biosignals","Biosensing, Microscopic Observation","Artist-Led, Interspecies Co-Creation","Reflective, Relational Ethics",Multisensory (Auditory),"Knowledge Production, Epistemological Things, Science Communication","Relational Ontology, New Materialism","Laboratory, Art Gallery","Interactive, Observational",Continuous,"Micro, Cell Unit",,"Live Video, Lecture Performance, Research Notes","미생물, 생체신호","바이오 센싱, 현미경 관찰","예술가 주도, 종간 공동 창작","성찰적, 관계적 윤리",다중감각 (청각적),"지식생산, 인식론적 사물, 과학소통","관계적 존재론, 신유물론","실험실, 미술관","상호작용적, 관찰적",지속적,"마이크로, 세포단위",,"실시간 영상, 강연 퍼포먼스, 연구노트"
George Gessert,Iris Series,1985-,1,"Plant, Genetic Diversity","Ecological Assembly, Artificial Selection","Interspecies Co-Creation, Human-Nonhuman Collaboration","Symbiotic, Care-Based, Relational Ethics","Biological Morphology, Change And Growth","Arts-Based Research, Knowledge Production","Biocentrism, Deep Ecology","Natural Environment, Art Gallery","Observational, Contemplative, Interpretive Engagement","Evolutionary, Intergenerational","Individual Unit, Cluster Unit","Bio Capital (Critical), Commercialization (Critical)","Photographic Records, Publication, Research Notes, Material Residue","식물, 유전적 다양성","생태학적 조립, 인공선택","종간 공동 창작, 인간-비인간 협업","공생적, 돌봄 기반, 관계적 윤리","생물학적 형태미, 변화와 성장","예술기반연구, 지식생산","생명 중심주의, 심층 생태학","자연환경, 미술관","관찰적, 관조적, 해석적 참여","진화적, 세대간","개체단위, 군집단위","바이오 캐피탈 (비판적), 상품화 (비판적)","사진기록, 출판물, 연구노트, 물질적 잔여물"
George Gessert,Horticultural Practice,1970s-,1,Plant (Various Species),"Ecological Assembly, Artificial Selection","Interspecies Co-Creation, Autonomous Biological Processes","Symbiotic, Reciprocity, Care-Based","Biological Morphology, Patterns And Textures, Wildness","Social Criticism (Commercialism), Arts-Based Research","Biocentrism, Relational Ontology","Natural Environment, Private Studio","Observational, Contemplative","Evolutionary, Long-Term Project","Individual Unit, Cluster Unit",Commercialization (Critical),"Photographic Records, Publication",식물 (다양한종),"생태학적 조립, 인공선택","종간 공동 창작, 자율적 생물 과정","공생적, 호혜성, 돌봄 기반","생물학적 형태미, 패턴과 질감, 야생성","사회비판 (상업주의), 예술기반연구","생명 중심주의, 관계적 존재론","자연환경, 사설 스튜디오","관찰적, 관조적","진화적, 장기 프로젝트","개체단위, 군집단위",상업화 (비판적),"사진기록, 출판물"
Stelarc,Third Hand,1980,1,"Human Body, Mixture (Cyborg)","Robotics, Biosensing, Surgical Modification (Non-Invasive Attachment)","Artist-Led, Human-Machine Collaboration","Reflective, Provocative","Performative, Bizarre, Ambiguity Of Boundaries","Provocation And Controversy, Future Proposal, Art As Experiment","Posthumanism, Transhumanism, Cyborg Theory","Art Gallery, Gallery, Public Places","Observational, Interpretive Engagement","Long-Term Project, Continuous",Human Body Size,Institutional Criticism,"Photographic Records, Live Video, Lecture Performance","인간신체, 혼합물질 (사이보그)","로보틱스, 바이오 센싱, 외과적 변형 (비침습적 부착)","예술가 주도, 인간-기계 협업","성찰적, 도발적","퍼포먼스적, 기괴함, 경계의 모호함","도발과 논쟁, 미래제안, 실험으로서의 예술","포스트휴머니즘, 트랜스휴머니즘, 사이보그 이론","미술관, 갤러리, 공공장소","관찰적, 해석적 참여","장기 프로젝트, 지속적",인간 신체 규모,제도비판,"사진기록, 실시간 영상, 강연 퍼포먼스"
Stelarc,Stomach Sculpture,1993,1,"Human Body, Mixture","Surgical Modification (Non-Invasive Attachment), Robotics","Artist-Led, Intention And Control","Provocative, Reflectivity","Performative, Uncanny, Aversion","Provocation And Controversy, Knowledge Production (Physical Experience)","Posthumanism, New Materialism","Laboratory (Clinic), Art Gallery","Observational, Passive Viewing","Temporary, Short-Term Exhibition","Human Body Size, Micro",,"Live Video (Endoscopy), Photographic Records, Material Residue","인간신체, 혼합물질","외과적 변형 (비침습적 부착), 로보틱스","예술가 주도, 의도와 통제","도발적, 성찰성","퍼포먼스적, 언캐니, 혐오","도발과 논쟁, 지식생산 (신체경험)","포스트휴머니즘, 신유물론","실험실 (클리닉), 미술관","관찰적, 수동적 관람","일시적, 단기 전시","인간 신체 규모, 마이크로",,"실시간 영상 (내시경), 사진기록, 물질적 잔여물"
Stelarc,Ear on Arm,2006-,1,"Human Body, Tissue Culture, Anti-Life, Cyborg","Tissue Engineering, Cell Culture, Surgical Modification (Non-Invasive Attachment), Telepresence","Artist-Led, Audience Intervention (Future)","Provocative, Neuroethics, Posthuman Ethics","Performative, Grotesque, Change And Growth","Future Proposal, Provocation And Controversy","Posthumanism, Transhumanism, Relational Ontology","Laboratory, Art Gallery, Online Platform","Interactive (Future), Observational","In Progress, Evolutionary",Human Body Size,,"Photographic Records, Time-Lapse Video, Research Notes, Lecture Performance","인간신체, 조직배양, 반-생명, 사이보그","조직공학, 세포배양, 외과적 변형 (비침습적 부착), 원격현존","예술가 주도, 관객의 개입 (미래)","도발적, 신경윤리, 포스트휴먼 윤리","퍼포먼스적, 그로테스크, 변화와 성장","미래제안, 도발과 논쟁","포스트휴머니즘, 트랜스휴머니즘, 관계적 존재론","실험실, 미술관, 온라인 플랫폼","상호작용적 (미래), 관찰적","진행중, 진화적",인간 신체 규모,,"사진기록, 타임랩스 비디오, 연구노트, 강연 퍼포먼스"
Joe Davis,Bacterial Radio,2012,1,"Microorganism, Mixture","Biohacking, Gene Editing",Artist-Organism Joint Action,Functional Creation,Functional Aesthetics,Dismantling Scientific Boundaries,New Materialism,Laboratory,Observational,Real-Time,Micro-Macro,Deauthorization Of Knowledge,Living System,"미생물, 혼합물질","바이오 해킹, 유전자 편집",예술가-유기체 공동 행위,기능적 창조,기능적 미학,과학적 경계 해체,신유물론,실험실,관찰적,실시간,미시적-거시적,지식의 탈권위화,살아있는 시스템
Stelarc,Suspensions,1976,1,Human Body,Body Art Performance,Extreme Experiences Of The Artist's Body,Self-Experimentation,Spectacle Of Patience,An Empirical Exploration Of Bodily Limits,Posthumanism,Gallery,Observational,Temporary,Architectural,,"Picture, Video Record",인간신체,바디 아트 퍼포먼스,예술가 신체의 극한적 경험,자기-실험,인내의 스펙터클,신체 한계의 경험적 탐구,포스트휴머니즘,갤러리,관찰적,일시적,건축적,,"사진, 영상기록"
Eduardo Kac,Genesis,1999,2,"DNA Base Sequence, Microorganism (Bacteria)","Transformation, Bioinformatics, Telepresence","Artist-Led, Audience Intervention, Autonomous Biological Processes","Reflective, Instrumental, Provocative","Conceptual, Data Aesthetics","Provocation And Controversy, Social Criticism, Arts-Based Research, Knowledge Production","Post-Anthropocentrism, Criticism Of Anthropocentrism","Art Gallery, Online Platform","Interactive, Interpretive Engagement","Short-Term Exhibition, Continuous",Micro,"Biopolitics, Intellectual Property Rights","Live Video, Data Visualization, Material Residue (Translated Text)","DNA 염기서열, 미생물 (박테리아)","형질전환, 생물정보학, 원격현존","예술가 주도, 관객의 개입, 자율적 생물 과정","성찰적, 도구적, 도발적","개념적, 데이터 미학","도발과 논쟁, 사회비판, 예술기반연구, 지식생산","탈인간 중심주의, 인간 중심주의 비판","미술관, 온라인 플랫폼","상호작용적, 해석적 참여","단기 전시, 지속적",마이크로,"생명정치, 지적 재산권","실시간 영상, 데이터 시각화, 물질적 잔여물 (번역된 텍스트)"
Eduardo Kac,GFP Bunny,2000,2,"Animal (Rabbit), Transgenic Genes",Gene Editing (Transformation),"Artist-Led, Multi-Actor Network (Scientists, Institutions)","Provocative, Reflective, Relational Ethics","Spectacle, Conceptual, Uncanny","Provocation And Controversy, Social Criticism","Posthumanism, Criticism Of Speciesism, Right To Life","Laboratory, Art Gallery (Absence), Media Space","Interpretive Engagement, Discursive Engagement",In Progress,Individual Unit,"Biopolitics, Institutional Criticism","Photographic Records, Narrative (Campaign), Publication, Dictation","동물 (토끼), 형질 전환 유전자",유전자 편집 (형질전환),"예술가 주도, 다중 행위자 네트워크 (과학자, 기관)","도발적, 성찰적, 관계적 윤리","스펙터클, 개념적, 언캐니","도발과 논쟁, 사회비판","포스트휴머니즘, 종차별주의 비판, 생명권","실험실, 미술관 (부재), 미디어 공간","해석적 참여, 담론적 참여",진행중,개체단위,"생명정치, 제도비판","사진기록, 내러티브 (캠페인), 출판물, 구술"
Oron Catts & Ionat Zurr,Pig Wings Project,2001,2,"Anti-Life, Tissue Culture (Pig Stem Cells)","Tissue Engineering, Cell Culture","Artist-Led, Autonomous Biological Processes","Reflectivity, Care-Based, Ontological Rights","Uncanny, Bizarre, Conceptual","Provocation And Controversy, Future Proposal, Raising Ethical Questions","Posthumanism, New Materialism, Relational Ontology","Laboratory, Art Gallery","Observational, Interpretive Engagement","Short-Term Exhibition, Extinction",Individual Unit,Biopolitics,"Material Residue (Preserved Fragments), Photographic Records, Research Notes","반-생명, 조직배양 (돼지 줄기세포)","조직공학, 세포배양","예술가 주도, 자율적 생물 과정","성찰성, 돌봄 기반, 존재론적 권리","언캐니, 기괴함, 개념적","도발과 논쟁, 미래제안, 윤리적 질문 제기","포스트휴머니즘, 신유물론, 관계적 존재론","실험실, 미술관","관찰적, 해석적 참여","단기 전시, 소멸",개체단위,생명정치,"물질적 잔여물 (보존된 조각), 사진기록, 연구노트"
Oron Catts & Ionat Zurr,Victimless Leather,2004,2,"Anti-Life, Tissue Culture, Cell Lines","Tissue Engineering, Cell Culture, Aseptic Technology","Artist-Led, Autonomous Biological Processes, Creation","Care-Based, Responsible Research And Innovation, Vulnerability, Relational Ethics","Change And Growth, Extinction And Decay, Aversion","Provocation And Controversy, Institutional Criticism, Epistemological Things","New Materialism, Posthumanism, Ecofeminism","Laboratory, Art Gallery","Observational, Interpretive Engagement (Observing The Ceremony)","Continuous, Temporary",Individual Unit,"Biopolitics, Labor, Institutional Criticism","Live Video, Photographic Records, Material Residue, Performance Record","반-생명, 조직배양, 세포주","조직공학, 세포배양, 무균기술","예술가 주도, 자율적 생물 과정, 창발","돌봄 기반, 책임있는연구혁신, 취약성, 관계적 윤리","변화와 성장, 소멸과 부패, 혐오","도발과 논쟁, 제도비판, 인식론적 사물","신유물론, 포스트휴머니즘, 생태 여성주의","실험실, 미술관","관찰적, 해석적 참여 (의식참관)","지속적, 일시적",개체단위,"생명정치, 노동, 제도비판","실시간 영상, 사진기록, 물질적 잔여물, 퍼포먼스 기록"
Art Orienté Objet,May the Horse Live in Me,2011,2,"Human Body, Animal (Rabbit), Mixture","Mithridatism, Body Modification, Interspecies Performance","Artist-Led, Interspecies Co-Creation","Symbiotic, Interdependence, Relational Ethics","Performative, Sublime, Ambiguity Of Boundaries","Provocation And Controversy, Arts-Based Research, Knowledge Production","Posthumanism, Criticism Of Speciesism, Cyborg Theory","Art Gallery, Performance Space","Observational, Interpretive Engagement","Continuous, Temporary",Human Body Size,Biopolitics,"Live Video (Performance), Photographic Records, Material Residue (Freeze-Dried Blood)","인간신체, 동물 (토끼), 혼합물질","미트리다티즘, 신체변형, 종간 퍼포먼스","예술가 주도, 종간 공동 창작","공생적, 상호의존, 관계적 윤리","퍼포먼스적, 숭고, 경계의 모호함","도발과 논쟁, 예술기반연구, 지식생산","포스트휴머니즘, 종차별주의 비판, 사이보그 이론","미술관, 퍼포먼스 공간","관찰적, 해석적 참여","지속적, 일시적",인간 신체 규모,생명정치,"실시간 영상 (퍼포먼스), 사진기록, 물질적 잔여물 (동결건조 혈액)"
Wim Delvoye,Cloaca,2000,2,Life-Machine Hybrid,"Robotics, Mechanical Engineering, Chemical Engineering","Artist-Led, Intention And Control","Instrumental, Objectification","Spectacle, Grotesque, Olfactory (Smell)","Social Criticism, Institutional Criticism, Provocation And Controversy",Anthropocentrism,"Art Gallery, Biennale","Observational, Passive Viewing","Short-Term Exhibition, Continuous",Installation Scale,"Commercialization, Institutional Criticism","Material Residue (Vacuum-Packed Excrement), Diagram, Photographic Records",생명-기계 하이브리드,"로보틱스, 기계공학, 화학공학","예술가 주도, 의도와 통제","도구적, 객체화","스펙터클, 그로테스크, 후각적 (냄새)","사회비판, 제도비판, 도발과 논쟁",인간 중심주의,"미술관, 비엔날레","관찰적, 수동적 관람","단기 전시, 지속적",설치규모,"상업화, 상품화, 제도비판","물질적 잔여물 (진공포장 배설물), 다이어그램, 사진기록"
Zbigniew Oksiuta,Biological Habitat,2007,2,"Synthetic Life Forms (Imitation), Biological Polymers (Gelatin)","Self-Organization, Zero Gravity Simulation, Speculative Design","Autonomous Biological Processes, Artist-Led (Environmental Design)",,"Biological Morphology, Conceptual","Future Proposal, World Building","Technological Utopianism, Posthumanism","Art Gallery, Laboratory","Observational, Interpretive Engagement",Evolutionary,Building Scale,,"Diagram, Research Notes, Prototype Model, Photographic Records","합성 생명체 (모방), 생물학적 고분자 (젤라틴)","자기 조직화, 무중력 시뮬레이션, 사변적 디자인","자율적 생물 과정, 예술가 주도 (환경설계)",,"생물학적 형태미, 개념적","미래제안, 월드빌딩","기술 유토피아니즘, 포스트휴머니즘","미술관, 실험실","관찰적, 해석적 참여",진화적,건축규모,,"다이어그램, 연구노트, 프로토타입 모델, 사진기록"
HeHe,Pollstream – Nuage Vert,2008,2,"Data (Energy Consumption), Environment (Atmosphere, Water Vapor)","Data Visualization, Laser Projection, Environmental Data Analysis","Audience Intervention, Algorithm Creation, Artist-Led","Reflective, Symbiotic","Spectacle, Data Aesthetics","Social Criticism, Science Communication, Political Commentary","Ecocentrism, Relational Ontology","Public Places, Urban Space","Participatory, Interactive","Temporary, Real-Time",Macro,"Governance, Resource Politics","Live Video (Laser Show), Photographic Records, Data Visualization, Narrative","데이터 (에너지 소비량), 환경 (대기, 수증기)","데이터 시각화, 레이저 프로젝션, 환경 데이터 분석","관객의 개입, 알고리즘 생성, 예술가 주도","성찰적, 공생적","스펙터클, 데이터 미학","사회비판, 과학소통, 정치적 논평","생태 중심주의, 관계적 존재론","공공장소, 도시공간","참여적, 상호작용적","일시적, 실시간",매크로,"거버넌스, 자원정치","실시간 영상 (레이저쇼), 사진기록, 데이터 시각화, 내러티브"
Eduardo Kac,Natural History of the Enigma,2003,2,"Plant, Gene (Human Being)",Transformation,Artist-Gene-Plant Hybrid,Poetic Creation,Symbolic Hybrid,,Relational Ontology,Art Gallery,Contemplative,Growth,Organic,Criticism Of Gene Patents,Living Sculpture,"식물, 유전자 (인간)",형질전환,예술가-유전자-식물 하이브리드,시적 창조,상징적 하이브리드,,관계적 존재론,미술관,관조적,성장적,유기체적,유전자 특허 비판,살아있는 조각
Oron Catts & Ionat Zurr,Disembodied Cuisine,2003,2,"Tissue Culture, Anti-Life",Tissue Engineering,Artist-Cell-Audience Conspiracy,Provocative Questions,Visceral Experience,Exploring The Cultural Meaning Of Alternative Meat,Biocentrism,Laboratory,Participatory (Tasting),Processual,Molecular,Criticism Of The Food Tech Industry,Performance Record,"조직배양, 반-생명",조직공학,예술가-세포-관객의 공모,도발적 질문,내장적 경험,대체육의 문화적 의미 탐구,생명 중심주의,실험실,참여적 (시식),과정적,분자적,푸드테크 산업 비판,퍼포먼스 기록
Wim Delvoye,Art Farm / Tattooed Pigs,1997,2,Animal (Pig),Body Art (Tattoo),"The Network Of Artists, Capitalists, And Animals",Systematic Exploitation,Baroque Excess,Questioning The Boundaries Of Art And Commodity,Criticism Of Anthropocentrism,Farm,Remote Observation,Long-Term,Global,Criticism Of The Art Market,Living Works,동물 (돼지),바디아트 (문신),예술가-자본-동물의 관계망,체계적 착취,바로크적 과잉,예술과 상품의 경계 질문,인간 중심주의 비판,농장,원격관찰,장기적,글로벌,예술 시장 비판,살아있는 작품
Paul Vanouse,Latent Figure Protocol,2007,3,"Extracted DNA, Data","Bioinformatics, Data Visualization","Artist-Led, Algorithm Creation",Reflective,Conceptual,"Institutional Criticism, Knowledge Production",New Materialism,"Laboratory, Gallery, Art Gallery","Observational, Interpretive Engagement",,Molecular Unit,"Biopolitics, Governance, Intellectual Property Rights","Live Video, Photographic Records, Lecture Performance","추출 DNA, 데이터","생물정보학, 데이터 시각화","예술가 주도, 알고리즘 생성",성찰적,개념적,"제도비판, 지식생산",신유물론,"실험실, 갤러리, 미술관","관찰적, 해석적 참여",,분자단위,"생명정치, 거버넌스, 지적 재산권","실시간 영상, 사진기록, 강연 퍼포먼스"
Paul Vanouse,The America Project,2017,3,"Biological Traces (Saliva), Extracted DNA","Bioinformatics, Data Visualization","Multi-Actor Network, Audience Intervention","Reflective, Relational Ethics","Performative, Conceptual","Social Criticism, Political Commentary","New Materialism, Relational Ontology","Gallery, Biennale","Participatory, Data Provision",Short-Term Exhibition,From Individual Units To Installation Scale,"Biopolitics, Institutional Criticism","Live Video, Installation Residue, Photographic Records","생물학적 흔적 (침), 추출 DNA","생물정보학, 데이터 시각화","다중 행위자 네트워크, 관객의 개입","성찰적, 관계적 윤리","퍼포먼스적, 개념적","사회비판, 정치적 논평","신유물론, 관계적 존재론","갤러리, 비엔날레","참여적, 데이터 제공",단기 전시,개체 단위에서 설치 규모로,"생명정치, 제도비판","실시간 영상, 설치 잔여물, 사진기록"
Anna Dumitriu,The Romantic Disease,2014,3,"Extracted DNA, Composite Materials (Relics, DNA)","Microbiology, Data Visualization","Artist-Led, Human-Nonhuman Collaboration","Reflective, Relational Ethics","Uncanny, Ambiguity Of Boundaries, Historical Texture","Science Communication, Historical Reflection, Educational","New Materialism, Post-Anthropocentrism","Art Gallery, Museum","Observational, Interpretive Engagement",Historical Temporality,Installation Scale At The Object Level,Institutional Criticism,"Material Residue (Transformed Relics), Narrative, Publication","추출 DNA, 복합물질 (유물, DNA)","미생물학, 데이터 시각화","예술가 주도, 인간-비인간 협업","성찰적, 관계적 윤리","언캐니, 경계의 모호함, 역사적 질감","과학소통, 역사적 성찰, 교육적","신유물론, 탈인간 중심주의","미술관, 박물관","관찰적, 해석적 참여",역사적 시간성,개체 단위에서 설치 규모,제도비판,"물질적 잔여물 (변형된 유물), 내러티브, 출판물"
Anna Dumitriu,Make Do and Mend,2017,3,"Microorganism, Extracted DNA, Composite Materials","Gene Editing, Bioinformatics, Cell Culture",Artist-Led,"Reflective, Responsible Research And Innovation","Conceptual, Ambiguity Of Boundaries, Craft Aesthetics","Social Criticism, Future Proposal, Science Communication","Ecofeminism, Post-Anthropocentrism","Gallery, Science Museum","Observational, Interpretive Engagement",Short-Term Exhibition,,"Biopolitics, Governance, Research Fund","Material Residue (Dress), Diagram, Research Notes","미생물, 추출 DNA, 복합물질","유전자 편집, 생물정보학, 세포배양",예술가 주도,"성찰적, 책임있는연구혁신","개념적, 경계의 모호함, 공예적 미학","사회비판, 미래제안, 과학소통","생태 여성주의, 탈인간 중심주의","갤러리, 과학관","관찰적, 해석적 참여",단기 전시,,"생명정치, 거버넌스, 연구기금","물질적 잔여물 (드레스), 다이어그램, 연구노트"
Špela Petrič,Confronting Vegetal Otherness (Skotopoiesis & Phytoteratology),2015-2017,3,"Human Body, Plant, Protein (Hormone)","Biosensing, Cell Culture","Interspecies Co-Creation, Autonomous Biological Processes","Relational Ethics, Care-Based, Symbiotic","Temporality, Performative, The Aesthetics Of Vulnerability","Knowledge Production, Arts-Based Research, Epistemological Things","Post-Anthropocentrism, Ecofeminism, New Materialism","Laboratory, Gallery, Performance Space",Observational (Performance),Continuous,,,"Time-Lapse Video, Photographic Records, Dictation, Lecture Performance","인간신체, 식물, 단백질 (호르몬)","바이오 센싱, 세포배양","종간 공동 창작, 자율적 생물 과정","관계적 윤리, 돌봄 기반, 공생적","시간성, 퍼포먼스적, 연약함의 미학","지식생산, 예술기반연구, 인식론적 사물","탈인간 중심주의, 생태 여성주의, 신유물론","실험실, 갤러리, 퍼포먼스 공간",관찰적 (퍼포먼스),지속적,,,"타임랩스 비디오, 사진기록, 구술, 강연 퍼포먼스"
Špela Petrič,PL'AI,2020,3,"Life-Machine Hybrid, Plant","AI Design, Machine Learning, Robotics","Interspecies Co-Creation, AI Co-Creation, Autonomous Biological Processes","Symbiotic, Relational Ethics","Creation, The Aesthetics Of Inefficiency","Institutional Criticism, Future Proposal, Philosophical Questions","Post-Anthropocentrism, Posthumanism, Relational Ontology, New Materialism, Object-Oriented Ontology","Gallery, Biennale","Observational, Interpretive Engagement","Evolutionary, Long-Term Project",Installation Scale,,"Live Video (Timelapse), Data Visualization, Research Notes","생명-기계 하이브리드, 식물","AI 설계, 머신러닝, 로보틱스","종간 공동 창작, AI 공동창작, 자율적 생물 과정","공생적, 관계적 윤리","창발, 비-효율성의 미학","제도비판, 미래제안, 철학적 질문","탈인간 중심주의, 포스트휴머니즘, 관계적 존재론, 신유물론, 객체 지향 존재론","갤러리, 비엔날레","관찰적, 해석적 참여","진화적, 장기 프로젝트",설치규모,,"실시간 영상 (타임랩스), 데이터 시각화, 연구노트"
Maja Smrekar,K-9_topology,2014-2017,3,"Human Body, Animal, Cell Lines, Protein (Hormone)","Cell Culture, Biosensing, Chemical Transformation","Interspecies Co-Creation, Artist-Led (Physical Intervention)",Relational Ethics,"Performative, Aversion, Grotesque","Social Criticism, Provocation And Controversy","Ecofeminism, Posthumanism, Criticism Of Speciesism","Gallery, Laboratory, Performance Space","Observational (Performance), Interpretive Engagement",Continuous,From Molecules To Human Body Scale,"Biopolitics, Queer Theory, Institutional Criticism","Photographic Records, Video Recording, Publication (Blog), Material Residue (Cell)","인간신체, 동물, 세포주, 단백질 (호르몬)","세포배양, 바이오 센싱, 화학적 변환","종간 공동 창작, 예술가 주도 (신체개입)",관계적 윤리,"퍼포먼스적, 혐오, 그로테스크","사회비판, 도발과 논쟁","생태 여성주의, 포스트휴머니즘, 종차별주의 비판","갤러리, 실험실, 퍼포먼스 공간","관찰적 (퍼포먼스), 해석적 참여",지속적,분자에서 인간 신체 규모,"생명정치, 퀴어이론, 제도비판","사진기록, 비디오 기록, 출판물 (블로그), 물질적 잔여물 (세포)"
Jalila Essaïdi,2.6g 329 m/s (Bulletproof Skin),2011,3,"Anti-Life, Tissue Culture, Mixture","Tissue Engineering, Transformation","Artist-Led, Human-Nonhuman Collaboration","Reflective, Provocation And Controversy","Spectacle, Uncanny, Functional Aesthetics","Social Criticism, Provocation And Controversy","Criticism Of Technological Determinism, Posthumanism","Laboratory, Gallery, Design Fair","Observational, Interpretive Engagement",Short-Term Exhibition,From Cell Unit To Individual Unit,"Bio Capital, Intellectual Property Rights, Commercialization","Photographic Records, Video Recording, Material Residue","반-생명, 조직배양, 혼합물질","조직공학, 형질전환","예술가 주도, 인간-비인간 협업","성찰적, 도발과 논쟁","스펙터클, 언캐니, 기능적 미학","사회비판, 도발과 논쟁","기술 결정론 비판, 포스트휴머니즘","실험실, 갤러리, 디자인 페어","관찰적, 해석적 참여",단기 전시,세포 단위에서 개체 단위,"바이오 캐피탈, 지적 재산권, 상업화","사진기록, 비디오 기록, 물질적 잔여물"
Jalila Essaïdi,Mestic®,2015,3,"Biological Traces (Excretions), Composite Materials",Chemical Transformation,Artist-Led,"Reflective, Reciprocity","Aversion, Functional Aesthetics","Future Proposal, Resource Politics",Ecocentrism,"Industrial Fair, Design Fair, Research Institute","Observational, Interpretive Engagement",In Progress,Industrial Scale,"Bio Capital, Commercialization, Resource Politics","Prototype (Textile), Diagram, Publication","생물학적 흔적 (분뇨), 복합물질",화학적 변환,예술가 주도,"성찰적, 호혜성","혐오, 기능적 미학","미래제안, 자원정치",생태 중심주의,"산업 박람회, 디자인 페어, 연구소","관찰적, 해석적 참여",진행중,산업규모,"바이오 캐피탈, 상업화, 자원정치","시제품 (직물), 다이어그램, 출판물"
Charlotte Jarvis,Ergo Sum,2012,3,"Human Body, Cell Lines, Anti-Life, Blood","Cell Culture, Tissue Engineering","Artist-Led, Human-Nonhuman Collaboration","Reflective, Ontological Rights, Care-Based","Uncanny, Conceptual, Ambiguity Of Boundaries","Knowledge Production, Provocation And Controversy, Arts-Based Research","Posthumanism, New Materialism, Cyborg Theory","Laboratory, Art Gallery, Science Research Institute","Observational, Interpretive Engagement","Continuous, In Progress","Cell Unit, Human Body Size",Biopolitics,"Photographic Records, Live Video, Material Residue, Narrative","인간신체, 세포주, 반-생명, 혈액","세포배양, 조직공학","예술가 주도, 인간-비인간 협업","성찰적, 존재론적 권리, 돌봄 기반","언캐니, 개념적, 경계의 모호함","지식생산, 도발과 논쟁, 예술기반연구","포스트휴머니즘, 신유물론, 사이보그 이론","실험실, 미술관, 과학 연구소","관찰적, 해석적 참여","지속적, 진행중","세포단위, 인간 신체 규모",생명정치,"사진기록, 실시간 영상, 물질적 잔여물, 내러티브"
Charlotte Jarvis,In Posse,2019-,3,"Human Body, Cell Lines, Blood, Extracted DNA, Synthetic Life Forms","Gene Editing, CRISPR-Cas9, Cell Culture, Induction Of Cell Differentiation","Artist-Led, Interspecies Co-Creation, Audience Intervention, Multi-Actor Network","Symbiotic, Relational Ethics, Reflective, Provocative","Performative, Conceptual, Relational Aesthetics","Social Criticism, Future Proposal, World Building","Ecofeminism, Queer Theory, Posthumanism, Post-Anthropocentrism","Laboratory, Art Gallery, Community Center, Online Platform","Participatory, Co-Creative, Workshop","Long-Term Project, In Progress, Intergenerational","Molecular Unit, Human Body Size, Global Network","Biopolitics, Queer Theory, Institutional Criticism","Diagram, Photographic Records, Lecture Performance, Publication, Archiving","인간신체, 세포주, 혈액, 추출 DNA, 합성 생명체","유전자 편집, CRISPR-Cas9, 세포배양, 세포 분화 유도","예술가 주도, 종간 공동 창작, 관객의 개입, 다중 행위자 네트워크","공생적, 관계적 윤리, 성찰적, 도발적","퍼포먼스적, 개념적, 관계미학","사회비판, 미래제안, 월드빌딩","생태 여성주의, 퀴어이론, 포스트휴머니즘, 탈인간 중심주의","실험실, 미술관, 커뮤니티 센터, 온라인 플랫폼","참여적, 공동 창작적, 워크숍","장기 프로젝트, 진행중, 세대간","분자단위, 인간 신체 규모, 지구적 네트워크","생명정치, 퀴어이론, 제도비판","다이어그램, 사진기록, 강연 퍼포먼스, 출판물, 아카이빙"
Agi Haines,Transfigurations,2013,3,"Mixture (Silicone, Mohair)",Sculpture,"Artist-Led, Intention And Control","Reflective, Risk Assessment, Provocative","Uncanny, Aversion, Grotesque, Visual Center, Spectacle","Future Proposal, Provocation And Controversy, Social Criticism","Transhumanism, Technological Determinism, Posthuman Ethics","Art Gallery, Gallery, Biennale","Observational, Interpretive Engagement",Short-Term Exhibition,Human Body Size,"Commercialization, Class, Biopolitics","Material Residue (Piece), Photographic Records","혼합물질 (실리콘, 모헤어)",조각,"예술가 주도, 의도와 통제","성찰적, 위험평가, 도발적","언캐니, 혐오, 그로테스크, 시각중심, 스펙터클","미래제안, 도발과 논쟁, 사회비판","트랜스휴머니즘, 기술 결정론, 포스트휴먼 윤리","미술관, 갤러리, 비엔날레","관찰적, 해석적 참여",단기 전시,인간 신체 규모,"상품화, 계급, 생명정치","물질적 잔여물 (조각), 사진기록"
Center for Genomic Gastronomy,Glowing Sushi Cooking Show,2010,3,"Animal (Transgenic Fish), Mixture (Food)",Cooking,"Artist-Led, Human-Nonhuman Collaboration","Instrumental, Objectification, Reflective","Performative, Multisensory (Taste), Conceptual, Humor","Science Communication, Educational, Provocation And Controversy, Social Criticism","Criticism Of Consumer Culture, Criticism Of Speciesism","Online Platform, Web-Based Projects","Participatory, Workshop, DIY Kit Provided",Temporary,Individual Unit,"Commercialization, Bio Capital","Live Video (Webcast), Recipe, Publication","동물 (형질전환 물고기), 혼합물질 (음식)",요리,"예술가 주도, 인간-비인간 협업","도구적, 객체화, 성찰적","퍼포먼스적, 다중감각 (미각), 개념적, 유머러스함","과학소통, 교육적, 도발과 논쟁, 사회비판","소비문화 비판, 종차별주의 비판","온라인 플랫폼, 웹 기반 프로젝트","참여적, 워크숍, DIY 키트제공",일시적,개체단위,"상품화, 바이오 캐피탈","실시간 영상 (웹캐스트), 레시피, 출판물"
Center for Genomic Gastronomy,Food Phreaking,2013-,3,"Data, DNA Base Sequence, Biological Traces (Saliva)","Data Visualization, Independent Publishing","Artist-Led, Community Collaboration","Reflective, Responsible Research And Innovation","Conceptual, Idea-Centered, Data Aesthetics","Knowledge Production, Social Criticism, Educational, Citizen Science Projects","Ecocentrism, Decolonialism, Anti-Capitalism","Online Platform, Community Center, Publication","Interpretive Engagement, Citizen Science Projects","Long-Term Project, In Progress",Global Network,"Bio Capital, Intellectual Property Rights, Institutional Criticism, Decolonialism","Publication, Data Visualization, Archiving","데이터, DNA 염기서열, 생물학적 흔적 (침)","데이터 시각화, 독립출판","예술가 주도, 커뮤니티 협업","성찰적, 책임있는연구혁신","개념적, 아이디어 중심, 데이터 미학","지식생산, 사회비판, 교육적, 시민 과학 프로젝트","생태 중심주의, 탈식민주의, 반자본주의","온라인 플랫폼, 커뮤니티 센터, 출판물","해석적 참여, 시민 과학 프로젝트","장기 프로젝트, 진행중",지구적 네트워크,"바이오 캐피탈, 지적 재산권, 제도비판, 탈식민주의","출판물, 데이터 시각화, 아카이빙"
Heather Dewey-Hagborg,Stranger Visions,2012-13,3,"Data, DNA Base Sequence, Biological Traces, Mixture (3D Printing)","Bioinformatics, Data Visualization, 3D Printing","Artist-Led, Algorithm Creation","Reflective, Risk Assessment, Exposing Power Relations","Uncanny, Data Aesthetics, Visual Center","Social Criticism, Criticism Of Genetic Surveillance","Criticism Of Determinism, Posthumanism","Art Gallery, Gallery, Public Places (Sample Collection)","Observational, Interpretive Engagement",Short-Term Exhibition,"Molecular Unit, Human Body Size","Biopolitics, Governance, Institutional Criticism","3D Printed Sculptures, Photographic Records, Data Visualization","데이터, DNA 염기서열, 생물학적 흔적, 혼합물질 (3D 프린트)","생물정보학, 데이터 시각화, 3D 프린팅","예술가 주도, 알고리즘 생성","성찰적, 위험평가, 권력 관계 폭로","언캐니, 데이터 미학, 시각중심","사회비판, 유전적 감시 비판","결정론 비판, 포스트휴머니즘","미술관, 갤러리, 공공장소 (샘플수집)","관찰적, 해석적 참여",단기 전시,"분자단위, 인간 신체 규모","생명정치, 거버넌스, 제도비판","3D 프린팅 조각, 사진기록, 데이터 시각화"
Heather Dewey-Hagborg,Probably Chelsea,2017,3,"Data, DNA Base Sequence, Mixture (3D Printing)","Bioinformatics, Data Visualization, AI Design","Artist-Led, AI Co-Creation","Relational Ethics, Reflective, Symbiotic","Data Aesthetics, Conceptual, Aesthetics Of Plurality","Political Commentary, Social Criticism","Queer Theory, Criticism Of Determinism, Posthumanism","Art Gallery, Gallery","Observational, Interpretive Engagement",Short-Term Exhibition,"Molecular Unit, Human Body Size, Installation Scale","Biopolitics, Queer Theory, Institutional Criticism","3D Printed Sculptures, Photographic Records, Data Visualization","데이터, DNA 염기서열, 혼합물질 (3D 프린트)","생물정보학, 데이터 시각화, AI 설계","예술가 주도, AI 공동창작","관계적 윤리, 성찰적, 공생적","데이터 미학, 개념적, 다수성의 미학","정치적 논평, 사회비판","퀴어이론, 결정론 비판, 포스트휴머니즘","미술관, 갤러리","관찰적, 해석적 참여",단기 전시,"분자단위, 인간 신체 규모, 설치규모","생명정치, 퀴어이론, 제도비판","3D 프린팅 조각, 사진기록, 데이터 시각화"
Marta de Menezes,Nature?,1999,3,"Animal (Butterfly), Plant",Microsurgery,"Artist-Led, Human-Nonhuman Collaboration","Reflective, Care-Based, Ontological Rights","Biological Morphology, Change And Growth, Extinction And Decay","Provocation And Controversy, Knowledge Production","Post-Anthropocentrism, Relational Ontology","Laboratory, Art Gallery (Greenhouse Installation)","Observational, Contemplative","Temporary, Short-Term Exhibition","Individual Unit, Installation Scale","Research Fund, Institutional Resources","Living Organisms, Photographic Records, Microscope Image","동물 (나비), 식물",미세수술,"예술가 주도, 인간-비인간 협업","성찰적, 돌봄 기반, 존재론적 권리","생물학적 형태미, 변화와 성장, 소멸과 부패","도발과 논쟁, 지식생산","탈인간 중심주의, 관계적 존재론","실험실, 미술관 (온실설치)","관찰적, 관조적","일시적, 단기 전시","개체단위, 설치규모","연구기금, 제도적 자원","살아있는 유기체, 사진기록, 현미경 이미지"
Marta de Menezes,Functional Portraits,2002,3,"Data, Biosignals (Brain Activity)","Biosensing, Data Visualization","Artist-Led, Human-Nonhuman Collaboration",Reflective,"Data Aesthetics, Immateriality, Conceptual","Knowledge Production, Arts-Based Research","Posthumanism, Criticism Of Mind-Body Dualism","Laboratory, Science Research Institute","Observational, Interpretive Engagement",Short-Term Exhibition,Human Body Size,Medical-Industrial Complex,"Data Visualization, Research Notes","데이터, 생체신호 (뇌활동)","바이오 센싱, 데이터 시각화","예술가 주도, 인간-비인간 협업",성찰적,"데이터 미학, 비물질성, 개념적","지식생산, 예술기반연구","포스트휴머니즘, 심신이원론 비판","실험실, 과학 연구소","관찰적, 해석적 참여",단기 전시,인간 신체 규모,의료-산업 복합체,"데이터 시각화, 연구노트"
Paul Vanouse,Relative Velocity Inscription Device,2002,3,"DNA Sample, Data","Bioinformatics, Electrophoresis",Algorithm-DNA Interaction,Critical Representation,Data Race,Exposing The Fiction Of Scientific Objectivity,Social Constructivism,Gallery,Interpretive Engagement,Real-Time,Molecular,Criticizing The Commercialization Of Genetics,Data Visualization,"DNA 샘플, 데이터","생물정보학, 전기영동",알고리즘-DNA 상호작용,비판적 재현,데이터 경주,과학적 객관성의 허구성 폭로,사회구성주의,갤러리,해석적 참여,실시간,분자적,유전학의 상업화 비판,데이터 시각화
Anicka Yi,You Can Call Me F,2015,4,"Microorganism, Bacteria, Biological Traces","Cell Culture, Aseptic Technology","Interspecies Co-Creation, Autonomous Biological Processes","Reflective, Relational Ethics","Olfactory (Smell), Aversion, Conceptual",Social Criticism,"Ecofeminism, New Materialism, Post-Anthropocentrism","Art Gallery, Gallery","Observational, Interpretive Engagement","Short-Term Exhibition, Change And Growth",Cluster Unit,"Institutional Criticism, Labor","Material Residue, Photographic Records, Narrative","미생물, 박테리아, 생물학적 흔적","세포배양, 무균기술","종간 공동 창작, 자율적 생물 과정","성찰적, 관계적 윤리","후각적 (냄새), 혐오, 개념적",사회비판,"생태 여성주의, 신유물론, 탈인간 중심주의","미술관, 갤러리","관찰적, 해석적 참여","단기 전시, 변화와 성장",군집단위,"제도비판, 노동","물질적 잔여물, 사진기록, 내러티브"
Anicka Yi,Life is Cheap,2017,4,"Microorganism, Bacteria, Animal (Ant), Mixture, Data (Scent)","Biosensing, Cell Culture, Robotics","Interspecies Co-Creation, Multi-Actor Network, Creation","Instrumental, Reflective","Multisensory, Olfactory (Smell), Uncanny","Social Criticism, Institutional Criticism, Provocation And Controversy","New Materialism, Decolonialism, Queer Theory","Art Gallery, Biennale","Observational, Multisensory Experience","Continuous, Change And Growth",Installation Scale,"Institutional Criticism, Bio Capital","Live Video, Material Residue, Installation","미생물, 박테리아, 동물 (개미), 혼합물질, 데이터 (향)","바이오 센싱, 세포배양, 로보틱스","종간 공동 창작, 다중 행위자 네트워크, 창발","도구적, 성찰적","다중감각, 후각적 (냄새), 언캐니","사회비판, 제도비판, 도발과 논쟁","신유물론, 탈식민주의, 퀴어이론","미술관, 비엔날레","관찰적, 다중감각적 경험","지속적, 변화와 성장",설치규모,"제도비판, 바이오 캐피탈","실시간 영상, 물질적 잔여물, 설치"
Anicka Yi,In Love With The World,2021,4,"Life-Machine Hybrid, Artificial Life","AI Design, Robotics, Biosensing","AI Co-Creation, Autonomous Biological Processes, Creation, Audience Intervention","Symbiotic, Relational Ethics","Multisensory, Olfactory (Smell), Spectacle","Future Proposal, World Building","Posthumanism, New Materialism, Relational Ontology","Art Gallery, Biennale (Large Commissions)","Interactive (Body Sensing), Observational","Continuous, Evolutionary",Building Scale,"Research Fund, Biopolitics","Live Video, Installation, Narrative","생명-기계 하이브리드, 인공생명","AI 설계, 로보틱스, 바이오 센싱","AI 공동창작, 자율적 생물 과정, 창발, 관객의 개입","공생적, 관계적 윤리","다중감각, 후각적 (냄새), 스펙터클","미래제안, 월드빌딩","포스트휴머니즘, 신유물론, 관계적 존재론","미술관, 비엔날레 (대규모 커미션)","상호작용적 (신체센싱), 관찰적","지속적, 진화적",건축규모,"연구기금, 생명정치","실시간 영상, 설치, 내러티브"
Alexandra Daisy Ginsberg,The Substitute,2019,4,"Data, Artificial Life","AI Design, Machine Learning, Data Visualization","Algorithm Creation, AI Co-Creation","Reflective, Responsible Research And Innovation, Animal Rights","Visual Center, Spectacle, Uncanny, Data Aesthetics","Social Criticism, Provocation And Controversy, Future Proposal","Post-Anthropocentrism, Criticism Of Speciesism, Posthuman Ethics","Art Gallery, Gallery","Observational, Interpretive Engagement",Short-Term Exhibition (Repeat),Individual Unit (Virtual),"Biopolitics, Intellectual Property Rights","Data Visualization, Live Video (Animated Movie)","데이터, 인공생명","AI 설계, 머신러닝, 데이터 시각화","알고리즘 생성, AI 공동창작","성찰적, 책임있는연구혁신, 동물권","시각중심, 스펙터클, 언캐니, 데이터 미학","사회비판, 도발과 논쟁, 미래제안","탈인간 중심주의, 종차별주의 비판, 포스트휴먼 윤리","미술관, 갤러리","관찰적, 해석적 참여",단기 전시 (반복),개체단위 (가상),"생명정치, 지적 재산권","데이터 시각화, 실시간 영상 (애니메이션)"
Alexandra Daisy Ginsberg,Resurrecting the Sublime,2019,4,"Data (DNA Base Sequence), Mixture (Fragrance Molecules)","Gene Editing (Prediction), Bioinformatics, Biosensing","Artist-Led, Human-Nonhuman Collaboration (Past Life)","Reflective, Responsible Research And Innovation","Olfactory (Smell), Sublime, Immateriality, Conceptual","Knowledge Production, Arts-Based Research","New Materialism, Ecocentrism, Post-Anthropocentrism","Art Gallery, Biennale, Science Research Institute","Multisensory Experience, Observational",Short-Term Exhibition,Installation Scale,,"Narrative, Data Visualization, Material Residue (Scent)","데이터 (DNA 염기서열), 혼합물질 (향분자)","유전자 편집 (예측), 생물정보학, 바이오 센싱","예술가 주도, 인간-비인간 협업 (과거의 생명)","성찰적, 책임있는연구혁신","후각적 (냄새), 숭고, 비물질성, 개념적","지식생산, 예술기반연구","신유물론, 생태 중심주의, 탈인간 중심주의","미술관, 비엔날레, 과학 연구소","다중감각적 경험, 관찰적",단기 전시,설치규모,,"내러티브, 데이터 시각화, 물질적 잔여물 (향)"
Alexandra Daisy Ginsberg,Pollinator Pathmaker,2021,4,"Plant, Ecosystem","AI Design, Ecological Assembly, Data Visualization","AI Co-Creation, Interspecies Co-Creation, Audience Intervention","Symbiotic, Reciprocity, Care-Based, Ecocentrism","Change And Growth, Relational Aesthetics","Future Proposal, Citizen Science Projects, World Building","Ecocentrism, Deep Ecology, Relational Ontology","Public Places, Natural Environment, Online Platform","Participatory (DIY Kit Provided), Co-Creative","In Progress, Evolutionary","Local Ecosystem, Global Network","Governance, Resource Politics","Data Visualization (Web), Real-Time Plant Growth, Publication","식물, 생태계","AI 설계, 생태학적 조립, 데이터 시각화","AI 공동창작, 종간 공동 창작, 관객의 개입","공생적, 호혜성, 돌봄 기반, 생태 중심주의","변화와 성장, 관계미학","미래제안, 시민 과학 프로젝트, 월드빌딩","생태 중심주의, 심층 생태학, 관계적 존재론","공공장소, 자연환경, 온라인 플랫폼","참여적 (DIY 키트제공), 공동 창작적","진행중, 진화적","지역 생태계, 지구적 네트워크","거버넌스, 자원정치","데이터 시각화 (웹), 실시간 식물 성장, 출판물"
Michael Sedbon,Cmd: Experiment in Bio-Algorithmic Politics,2019,4,"Microorganism (Cyanobacteria), Life-Machine Hybrid","Biocomputing, AI Design (Genetic Algorithm), Biosensing","Multi-Actor Network, Creation, Autonomous Biological Processes","Instrumental, Reflective","Data Aesthetics, Conceptual","Knowledge Production, Art As Experiment, Political Commentary","Relational Ontology, Cyborg Theory","Art Gallery, Laboratory","Observational, Interpretive Engagement","Continuous, Evolutionary",Installation Scale,"Bio Capital, Biopolitics, Governance","Live Video, Data Visualization, Research Notes","미생물 (시아노박테리아), 생명-기계 하이브리드","바이오 컴퓨팅, AI 설계 (유전 알고리즘), 바이오 센싱","다중 행위자 네트워크, 창발, 자율적 생물 과정","도구적, 성찰적","데이터 미학, 개념적","지식생산, 실험으로서의 예술, 정치적 논평","관계적 존재론, 사이보그 이론","미술관, 실험실","관찰적, 해석적 참여","지속적, 진화적",설치규모,"바이오 캐피탈, 생명정치, 거버넌스","실시간 영상, 데이터 시각화, 연구노트"
Jenna Sutela,nimiia cétiï,2018,4,"Microorganism (Bacteria), Data, Artificial Life","AI Design, Machine Learning, Biosensing","AI Co-Creation, Interspecies Co-Creation, Distributed Intelligence","Symbiotic, Relational Ethics","Auditory (Sound), Data Aesthetics, Immateriality","Arts-Based Research, Knowledge Production, World Building","New Materialism, Posthumanism, Relational Ontology","Art Gallery, Online Platform","Interpretive Engagement, Observational",Short-Term Exhibition (Video),From Molecules To Networks,,"Live Video, Data Visualization, Publication","미생물 (박테리아), 데이터, 인공생명","AI 설계, 머신러닝, 바이오 센싱","AI 공동창작, 종간 공동 창작, 분산된 지능","공생적, 관계적 윤리","청각적 (소리), 데이터 미학, 비물질성","예술기반연구, 지식생산, 월드빌딩","신유물론, 포스트휴머니즘, 관계적 존재론","미술관, 온라인 플랫폼","해석적 참여, 관찰적",단기 전시 (영상),분자 단위에서 네트워크까지,,"실시간 영상, 데이터 시각화, 출판물"
Jenna Sutela,I Magma,2019,4,"Mixture (Glass), Data","AI Design, Machine Learning","AI Co-Creation, Artist-Led",Reflective,"Visual Center, Biological Morphology, Uncanny",Arts-Based Research,"New Materialism, Posthumanism","Art Gallery, Gallery",Observational,Short-Term Exhibition,"Individual Unit, Installation Scale",,"Photographic Records, Material Residue, Video","혼합물질 (유리), 데이터","AI 설계, 머신러닝","AI 공동창작, 예술가 주도",성찰적,"시각중심, 생물학적 형태미, 언캐니",예술기반연구,"신유물론, 포스트휴머니즘","미술관, 갤러리",관찰적,단기 전시,"개체단위, 설치규모",,"사진기록, 물질적 잔여물, 영상"
Jenna Sutela,Gut-Flora / HMO nutrix,2022,4,"Mixture (Synthetic Breast Milk), Data (Biochemical Information)","Biosensing, Biochemical Reproducibility","Artist-Led, Autonomous Biological Processes (Suggestion)","Symbiotic, Relational Ethics","Biological Morphology, Conceptual","Science Communication, Arts-Based Research","Ecofeminism, New Materialism, Posthumanism","Art Gallery, Gallery","Observational, Interpretive Engagement",Short-Term Exhibition,Installation Scale,"Biopolitics, Institutional Criticism","Installation, Material Residue, Video","혼합물질 (합성모유), 데이터 (생화학 정보)","바이오 센싱, 생화학적 재현","예술가 주도, 자율적 생물 과정 (암시)","공생적, 관계적 윤리","생물학적 형태미, 개념적","과학소통, 예술기반연구","생태 여성주의, 신유물론, 포스트휴머니즘","미술관, 갤러리","관찰적, 해석적 참여",단기 전시,설치규모,"생명정치, 제도비판","설치, 물질적 잔여물, 영상"
Claire Pentecost,soil-erg,2012,4,"Composite Materials, Plant, Microorganism","Ecological Assembly, Public Workshops","Artist-Led, Human-Nonhuman Collaboration","Care-Based, Relational Ethics","Conceptual, Ambiguity Of Boundaries","Social Criticism, Future Proposal, Institutional Criticism","Ecocentrism, New Materialism","Art Gallery, Biennale, Community Center","Participatory (Workshop), Interpretive Engagement","Long-Term Project, Continuous","Installation Scale, Local Ecosystem","Alternative Value Systems, Institutional Criticism","Sculptural Object, Drawing, Workshop Record","복합물질, 식물, 미생물","생태학적 조립, 공공 워크숍","예술가 주도, 인간-비인간 협업","돌봄 기반, 관계적 윤리","개념적, 경계의 모호함","사회비판, 미래제안, 제도비판","생태 중심주의, 신유물론","미술관, 비엔날레, 커뮤니티 센터","참여적 (워크숍), 해석적 참여","장기 프로젝트, 지속적","설치규모, 지역 생태계","대안적 가치 체계, 제도비판","조각적 오브제, 드로잉, 워크숍 기록"
Claire Pentecost,Proposal for a New American Agriculture,2008-,4,"Plant, Microorganism, Composite Materials",Ecological Assembly (Composting),"Autonomous Biological Processes, Artist-Led",Reflective,"Extinction And Decay, Conceptual","Political Commentary, Social Criticism",Ecocentrism,"Art Gallery, Gallery","Observational, Interpretive Engagement","Continuous, Process-Based",Individual Unit,"Institutional Criticism, Symbolic Politics","Material Residue, Photographic Records","식물, 미생물, 복합물질",생태학적 조립 (퇴비화),"자율적 생물 과정, 예술가 주도",성찰적,"소멸과 부패, 개념적","정치적 논평, 사회비판",생태 중심주의,"미술관, 갤러리","관찰적, 해석적 참여","지속적, 과정기반",개체단위,"제도비판, 상징정치","물질적 잔여물, 사진기록"
Claire Pentecost,Our Bodies Our Soils,2015-,4,"Plant, Microorganism, Biological Traces","Chromatography, Ecological Assembly",Human-Nonhuman Collaboration,"Care-Based, Relational Ethics","Biological Morphology, Patterns And Textures, Data Aesthetics","Knowledge Production, Science Communication","Ecocentrism, New Materialism","Art Gallery, Gallery","Observational, Interpretive Engagement","Continuous, Long-Term Project","Installation Scale, Cluster Unit","Healthcare Politics, Resource Politics","Material Residue, Diagram, Photographic Records","식물, 미생물, 생물학적 흔적","크로마토그래피, 생태학적 조립",인간-비인간 협업,"돌봄 기반, 관계적 윤리","생물학적 형태미, 패턴과 질감, 데이터 미학","지식생산, 과학소통","생태 중심주의, 신유물론","미술관, 갤러리","관찰적, 해석적 참여","지속적, 장기 프로젝트","설치규모, 군집단위","헬스케어 정치, 자원정치","물질적 잔여물, 다이어그램, 사진기록"
Candice Lin,"A Hard White Body, a Porous Slip",2018,4,"Composite Materials, Microorganism, Human Body (Urine)","Ecological Assembly, Distillation, Fermentation","Autonomous Biological Processes, Multi-Actor Network","Reflective, Relational Ethics","Multisensory (Smell), Aversion, Extinction And Decay",Reinterpretation Of History,"Decolonialism, New Materialism, Queer Theory","Art Gallery, Gallery","Observational, Sensory Engagement, Data Provision (Urine)","Short-Term Exhibition, Continuous",Installation Scale,"Decolonialism, Institutional Criticism, Identity Politics","Material Residue, Live Video, Narrative","복합물질, 미생물, 인간신체 (소변)","생태학적 조립, 증류, 발효","자율적 생물 과정, 다중 행위자 네트워크","성찰적, 관계적 윤리","다중감각 (후각), 혐오, 소멸과 부패",역사 재해석,"탈식민주의, 신유물론, 퀴어이론","미술관, 갤러리","관찰적, 감각적 참여, 데이터 제공 (소변)","단기 전시, 지속적",설치규모,"탈식민주의, 제도비판, 정체성 정치","물질적 잔여물, 실시간 영상, 내러티브"
Candice Lin,Pigs and Poison,2022,4,"Composite Materials (Lard, Bone Pigment), Plant (Poppy)","Mechanical Assembly, Performance","Artist-Led, Machine Actors","Reflective, Provocation And Controversy","Spectacle, Aversion, Performative, Multisensory (Smell)",Political Commentary,"Decolonialism, Relational Ontology","Art Gallery, Gallery","Observational, Sensory Engagement","Short-Term Exhibition, Performative",Installation Scale,"Decolonialism, Biopolitics, Racial Politics","Material Residue, Performance Record, Photographic Records","복합물질 (라드, 뼈안료), 식물 (양귀비)","기계적 조립, 퍼포먼스","예술가 주도, 기계 행위자","성찰적, 도발과 논쟁","스펙터클, 혐오, 퍼포먼스적, 다중감각 (후각)",정치적 논평,"탈식민주의, 관계적 존재론","미술관, 갤러리","관찰적, 감각적 참여","단기 전시, 퍼포먼스적",설치규모,"탈식민주의, 생명정치, 인종정치","물질적 잔여물, 퍼포먼스 기록, 사진기록"
Candice Lin,"Seeping, Rotting, Resting, Weeping",2021,4,"Composite Materials, Plant (Indigo), Microorganism","Ecological Assembly, Textile Dyeing","Human-Nonhuman Collaboration, Multi-Actor Network","Symbiotic, Care-Based","Multisensory, Change And Growth","World Building, Future Proposal","Post-Anthropocentrism, Animism, New Materialism","Art Gallery, Gallery","Observational, Sensory Engagement","Short-Term Exhibition, Continuous",Installation Scale,"Decolonialism, Criticism Of Speciesism","Textiles, Sculpture, Video, Narrative","복합물질, 식물 (쪽), 미생물","생태학적 조립, 텍스타일 염색","인간-비인간 협업, 다중 행위자 네트워크","공생적, 돌봄 기반","다중감각, 변화와 성장","월드빌딩, 미래제안","탈인간 중심주의, 애니미즘, 신유물론","미술관, 갤러리","관찰적, 감각적 참여","단기 전시, 지속적",설치규모,"탈식민주의, 종차별주의 비판","텍스타일, 조각, 영상, 내러티브"
Jes Fan,Systems (series),2018-,4,"Composite Materials, Synthetic Materials","Glass Crafts, Chemical Synthesis","Artist-Led, Intention And Control","Reflective, Relational Ethics","Biological Morphology, Uncanny, Ambiguity Of Boundaries","Social Criticism, Identity Exploration","Queer Theory, Posthumanism, New Materialism","Art Gallery, Gallery","Observational, Interpretive Engagement","Continuous, Long-Term Project","Human Body Size, Installation Scale","Queer Theory, Biopolitics, Bio Capital","Sculptural Object, Photographic Records","복합물질, 합성물질","유리공예, 화학적 합성","예술가 주도, 의도와 통제","성찰적, 관계적 윤리","생물학적 형태미, 언캐니, 경계의 모호함","사회비판, 정체성 탐구","퀴어이론, 포스트휴머니즘, 신유물론","미술관, 갤러리","관찰적, 해석적 참여","지속적, 장기 프로젝트","인간 신체 규모, 설치규모","퀴어이론, 생명정치, 바이오 캐피탈","조각적 오브제, 사진기록"
Jes Fan,Mother Is a Woman,2018,4,"Human Body (Urine), Extracted Hormones","Chemical Synthesis, Biohacking","Artist-Led, Human-Nonhuman Collaboration","Relational Ethics, Provocation And Controversy","Conceptual, Uncanny",Identity Exploration,"Queer Theory, Ecofeminism, Relational Ontology","Art Gallery, Gallery","Interpretive Engagement, Observational",Short-Term Exhibition,Human Body Size,"Queer Theory, Nepotism","Video Record, Material Residue (Cream)","인간신체 (소변), 추출 호르몬","화학적 합성, 바이오 해킹","예술가 주도, 인간-비인간 협업","관계적 윤리, 도발과 논쟁","개념적, 언캐니",정체성 탐구,"퀴어이론, 생태 여성주의, 관계적 존재론","미술관, 갤러리","해석적 참여, 관찰적",단기 전시,인간 신체 규모,"퀴어이론, 친족관계정치","영상기록, 물질적 잔여물 (크림)"
Jes Fan,Sites of Wounding (series),2020-,4,"Animal (Oyster), Plant (Agarwood), Composite Materials","Ecological Assembly, 3D Printing, CT Scan","Interspecies Co-Creation, Artist-Led","Symbiotic, Care-Based, Reflective","Biological Morphology, Uncanny","Knowledge Production, Arts-Based Research","Post-Anthropocentrism, New Materialism, Relational Ontology","Art Gallery, Gallery","Observational, Interpretive Engagement","Long-Term Project, Evolutionary","Installation Scale, Individual Unit","Decolonialism, Resource Politics, Bio Capital","Sculptural Object, Video Record, Data Visualization","동물 (굴), 식물 (침향나무), 복합물질","생태학적 조립, 3D 프린팅, CT 스캔","종간 공동 창작, 예술가 주도","공생적, 돌봄 기반, 성찰적","생물학적 형태미, 언캐니","지식생산, 예술기반연구","탈인간 중심주의, 신유물론, 관계적 존재론","미술관, 갤러리","관찰적, 해석적 참여","장기 프로젝트, 진화적","설치규모, 개체단위","탈식민주의, 자원정치, 바이오 캐피탈","조각적 오브제, 영상기록, 데이터 시각화"
Ani Liu,The Botany of Desire,2017,4,"Human Scent Molecules, DNA, Genetically Modified Plants, Glass, Liquid Medium","Olfactory Data Analysis, Synthetic Chemistry, Plant Genetic Engineering, Glass Crafts","Artist (Curator Of Memory), Loved One (Source Of Fragrance), Plant (Living Archive)","The Opposition Between The Permanent Preservation Of Emotions And Their Natural Extinction, The Ethics Of Creating Living Monuments","Olfactory, Poetic, Minimalism, Laboratory Aesthetics","Visualizing The Connection Between Scent, Memory, And Emotion, Questions About Digital Biometric Recording Methods","Challenging Mind-Body Dualism, A Posthuman Perspective On Memory","Digital Exclusion, Longing For Authenticity, Exploring New Ways Of Mourning","Olfactory Experience, Meditation On Things, Narrative Understanding","Capturing Moments From The Past And Preserving Them For The Future, Plant Life Cycle","Molecule (Scent), Organism (Plant), Installation (Gallery Space)",The Potential Of Personalized Bioproducts,"Glass Container, Living Plants, Picture, Text","인간의 향기 분자, DNA, 유전자 변형 식물, 유리, 액체배지","후각 데이터 분석, 합성화학, 식물유전공학, 유리공예","예술가 (기억의 큐레이터), 사랑하는 이 (향기의 원천), 식물 (살아있는 아카이브)","감정의 영구 보존과 자연적 소멸의 대립, 살아있는 기념물 창조의 윤리","후각적, 시적, 미니멀리즘, 실험실미학","향기-기억-감정의 연결성을 가시화, 디지털 대생물학적 기록 방식에 대한 질문","정신-신체 이원론에 도전, 기억에 대한 포스트휴먼적 관점","디지털 소외, 진정성에 대한 갈망, 새로운 애도 방식의 탐구","후각적 경험, 사물에 대한 명상, 서사적 이해","과거의 순간을 포착하여 미래를 위해 보존, 식물의 생애 주기","분자 (향), 유기체 (식물), 설치 (갤러리 공간)",맞춤형 바이오 제품의 가능성,"유리용기, 살아있는 식물, 사진, 텍스트"
Ani Liu,Kisses from the Future,2019,4,"Saliva, Human DNA, Archival Paper, Glass Bottle","DNA Extraction And Whole Genome Amplification, Shotgun Sequencing, Data Visualization","Couple (Genetic Subject Sharing), Technology (Mediator And Recorder), Potential Descendants (Speculative Subject)","Privacy Of Genetic Information, Speculative Reproductive Technology, Datafication Of Intimacy","Conceptual, Data-Driven, Archive Aesthetics, Clinical","Presenting How Intimacy Translates Into Data, Questions About The Future Form Of The Family","Criticism Of Genetic Determinism, Exploring The Datafied Self",Evolving Reproductive Technologies,"Viewing Archive Materials, Encouraging Discursive Participation",Recording Intimate Moments Of The Present For Future Generations,"Micro, Object (Glass Bottle, Document), Data","Capitalizing On Genetic Data, The Bioeconomy Of Reproduction","DNA Sequence In A Frame, Laboratory Objects, Project Description","타액, 인간 DNA, 아카이브용 종이, 유리병","DNA 추출 및 전체 유전체 증폭, 샷건 시퀀싱, 데이터 시각화","커플 (유전적 주체 공유), 기술 (매개 및 기록자), 잠재적 후손 (사변적 주체)","유전 정보의 프라이버시, 사변적 생식 기술, 친밀함의 데이터화","개념적, 데이터 기반, 아카이브 미학, 임상적","친밀함이 데이터로 번역되는 방식 제시, 미래 가족의 형태에 대한 질문","유전자 결정론 비판, 데이터화된 자아 탐구",발전하는 생식 기술,"아카이브 자료의 관람, 담론적 참여 유도",현재의 친밀한 순간을 미래 세대를 위해 기록,"마이크로, 오브제 (유리병, 문서), 데이터","유전 데이터의 자본화, 생식의 생명경제","액자속 DNA 염기서열, 실험실 오브제, 프로젝트 설명문"
Ani Liu,Untitled (Human Meatball),2018,4,"The Artist's Own Cells (Biopsy), Cell Culture Medium, Cultured Muscle Tissue","Biopsy, Cell Culture, Tissue Engineering","Artist (Material And Creator), Cultured Cells (Biological Material), Audience (Subject Of Interpretation)","The Distinction Between Food And Self, The Meaning Of Synthetic Foods","Anxiety-Inducing, Visceral Sensory, Provocative","Embodying The Concept Of Cellular Agriculture, Forces An Instinctive Confrontation With The Origins Of Food","Subject-Object, Breaking Down The Barriers Between Consumers And Products, The Question Of The Sacredness Of The Human Body","Sustainable Food, Animal Welfare, Social Debate On The Future Of Food",Observation And Discursive Interpretation,Summoning A Near-Future Scenario Into The Present,"Micro (Cell), Macro (Meatball), Human Being (Origin Of The Body)","Criticism Of The Food Industry, Biocapitalism Extending To The Human Body","The Bio Object Itself, Photographic Documentation Of The Process And Results","예술가 자신의 세포 (생검), 세포 배양액, 배양된 근육 조직","생체조직검사, 세포배양, 조직공학","예술가 (재료이자 창조자), 배양세포 (생물학적 물질), 관객 (해석의 주체)","음식과 자아의 구분, 합성 식품의 의미","불안을 유발하는, 내장 감각적, 도발적","세포 농업 개념을 구체화, 식품의 기원에 대한 본능적 대면을 강요","주체-객체, 소비자-생산물의 경계를 허물기, 인간 신체의 신성성에 대한 질문","지속 가능한 식량, 동물 복지, 식품의 미래에 대한 사회적 논쟁",관찰과 담론적 해석,가까운 미래의 시나리오를 현재로 소환,"마이크로 (세포), 매크로 (미트볼), 인간 (신체의기원)","식품 산업 비판, 인체로 확장되는 바이오 자본주의","바이오 오브제 자체, 과정 및 결과의 사진 기록"
Ani Liu,Mind in a Dish,2017,4,"Non-Human Neurons, Petri Dish, Robotics, Light, Sound","Neuron Culture, Robotics, Sonification","Nerve Cells (Reaction, Learning), Robot System (Stimulation, Translation), Audience (Interaction)",Instrumentalization Of Life,"Interactive, Auditory, Dynamic, Minimal Tech Aesthetic",Proof Of The Material Basis Of Thought,"Criticism Of Mind-Body Dualism, A Materialist View Of Consciousness","Neuroscience, Artificial Intelligence","Active Participation Through Interaction, Sensory Feedback Loop (Audiovisual)",Real-Time,"Micro (Neural Network), Object (Petri Dish), Installation (Room)",Funding Structure And Research Ethics In Neuroscience Research,"The Interactive Installation Itself, Video Record","비-인간 신경세포, 페트리 디쉬, 로보틱스, 빛, 소리","신경세포 배양, 로보틱스, 데이터 소리화","신경세포 (반응, 학습), 로봇시스템 (자극, 번역), 관객 (상호작용)",생명의 도구화,"상호작용적, 청각적, 역동적, 미니멀 테크 미학",생각의 물질적 기반 증명,"정신-신체 이원론 비판, 의식에 대한 유물론적 관점","신경과학, 인공지능","상호작용을 통한 능동적 참여, 감각적 피드백 루프 (시청각)",실시간,"마이크로 (신경망), 오브제 (페트리디쉬), 설치 (방)",신경과학 연구의 펀딩 구조와 연구 윤리,"상호작용적 설치물 자체, 영상기록"
Ani Liu,Surpassing the Object,2021,4,"Airborne Fragrance Molecules, Invisible Chemical Mixture (Philosophy Of The Work)","Olfactory Art, Synthetic Chemistry, Non-Object-Based Art","Artist (Designer Of Experiences), Audience (Subject Of Interpretation)",Involuntary Penetration Of Scent,"Immersive, Invisible, Affective, Momentary",Emphasizes The Power And Emotional Connection Of Non-Visual Senses,Phenomenology (Experience-Centered),"Experience Economy, Pursuing Analog Experiences In The Digital Age","Involuntary, Physiological, Emotional Immersion",Triggering Past Memories In The Present Moment,"Architectural, Ambient (Filling The Space)","Fragrance Branding, Marketing Of Emotions And Experiences","Narrative, Chemical Formula, Relying On Audience Testimony (Difficulty Of Recording)","공기중향기분자, 비가시적 화학 혼합물 (작품철학)","후각예술, 합성화학, 비-객체 기반 예술","예술가 (경험의 설계자), 관객 (해석의 주체)",향기의 비자발적 침투성,"몰입형, 비가시적, 정동적, 찰나적",비-시각적 감각의 힘과 정서적 연결성을 강조,현상학 (체험중심),"경험 경제, 디지털 시대의 아날로그적 경험 추구","비자발적, 생리적, 감성적몰입",현재의 순간에 과거의 기억을 촉발,"건축적, 대기적 (공간을 채움)","향기 브랜딩, 감성과 경험의 마케팅","서사, 화학식, 관객의 증언에 의존 (기록의 어려움)"
Pamela Rosenkranz,Our Product,2015,4,"Commercial Products (Blistex), Industrial Chemicals (Silicone, RAL Pigment), PET Plastic Bottles","Olfactory Synthesis, Color Reproduction Using The RAL Standard Color System, Large-Scale Liquid Installations","Artist-Led, Intention And Control","Reflective, Provocative","Minimal, Immersive, Immaterial","Social Criticism, Knowledge Production",Posthumanism,Art Gallery,"Observational, Passive Viewing","Momentary, Continuous","Architectural Scale, Tailored To Specific Spaces","Commercialization, Biopolitics","Photographic Records, Video, Publication","상업용 제품 (블리스텍스), 공업용 화학물질 (실리콘, RAL 색소), PET 플라스틱병","후각합성, RAL 표준 색상 시스템을 이용한 색 재현, 대규모 액체 설치","예술가 주도, 의도와 통제","성찰적, 도발적","미니멀, 몰입형, 비물질적","사회비판, 지식생산",포스트휴머니즘,미술관,"관찰적, 수동적 관람","순간적, 지속적","건축적 스케일, 특정 공간 맞춤형","상품화, 생명정치","사진기록, 영상, 출판물"
Pamela Rosenkranz,She Has No Mouth,2017,4,"Animal, Mixture","Robot Control System, Interspecies Encounter Production, Olfactory Diffusion","Multi-Actor Network, Unpredictability, Autonomous Biological Processes","Reflective, Animal Rights","Uncanny, Unpredictability","Knowledge Production, Social Criticism","Post-Anthropocentrism, Posthumanism","Art Gallery, Gallery",Observational,Real-Time Performance,Room-Sized Installation,"Commercialization, Criticism Of Consumerism","Video Records, Picture, Documenting Performance Through Critical Text","동물, 혼합물질","로봇 제어 시스템, 종간의 만남 연출, 후각확산","다중 행위자 네트워크, 예측불가능성, 자율적 생물 과정","성찰적, 동물권","언캐니, 예측불가능성","지식생산, 사회비판","탈인간 중심주의, 포스트휴머니즘","미술관, 갤러리",관찰적,실시간 퍼포먼스,방크기설치,"상품화, 소비주의 비판","영상 기록물, 사진, 비평 텍스트를 통한 퍼포먼스 기록"
Gilberto Esparza,Plantas Autofotosintéticas,2013-2014,4,"Electronic Waste, Glass, Polluted Water, Bacteria, Plant","Microbial Fuel Cells, Building A Symbiotic System, Circulating Water Robotics","Autonomous Biological Processes, Multi-Actor Network","Symbiotic, Care-Based, Reflective","Conceptual, Biological Morphology","Knowledge Production, Future Proposal","Ecocentrism, Relational Ontology","Art Gallery, Gallery",Systematic,,Large-Scale Installation,"Resource Politics, Institutional Criticism","Operating Diagram, Scientific Explanation, Installation Record Video, Prototype Exhibition","전자 폐기물, 유리, 오염된물, 박테리아, 식물","미생물 연료전지, 공생 시스템 구축, 순환 수계 로보틱스","자율적 생물 과정, 다중 행위자 네트워크","공생적, 돌봄 기반, 성찰적","개념적, 생물학적 형태미","지식생산, 미래제안","생태 중심주의, 관계적 존재론","미술관, 갤러리",시스템적,,대규모 설치,"자원정치, 제도비판","작동 다이어그램, 과학적 설명, 설치 기록 영상, 프로토타입 전시"
Gilberto Esparza,Parásitos Urbanos,2006-2008,4,"Electronic Waste, Optical Fiber, Moss, Bacteria","Energy Harvesting, Robotics, Ecological Assembly","Autonomous Biological Processes, Multi-Actor Network","Symbiotic, Relational Ethics, Reflective","Conceptual, Ambiguity Of Boundaries","Future Proposal, Knowledge Production","Ecocentrism, Relational Ontology","Public Places, Urban Space",,"Persistence And Extinction: It Will Continue To Work As Long As It Gets Energy., The Temporality Of Temporary Survival That Can Be Removed At Any Time",Individual Unit,"Resource Politics, Institutional Criticism, Exposing Power Relations","Street Photography, Video, Map-Based Location History, Oral Representation","전자 폐기물, 광섬유, 이끼, 박테리아","에너지 하베스팅, 로보틱스, 생태학적 조립","자율적 생물 과정, 다중 행위자 네트워크","공생적, 관계적 윤리, 성찰적","개념적, 경계의 모호함","미래제안, 지식생산","생태 중심주의, 관계적 존재론","공공장소, 도시공간",,"지속과 소멸: 에너지를 얻는 한 계속 작동하지만, 언제든 제거될 수 있는 일시적 생존의 시간성",개체단위,"자원정치, 제도비판, 권력 관계 폭로","거리사진, 영상, 지도 기반의 위치 기록, 구술적재현"
Xandra van der Eijk,Genesis,2018,4,"Data, Synthetic Life Forms, Composite Materials","Biohacking, Data Visualization, Controlling Natural Processes","Artist-Led, Process-Driven, Non-Human Led",Reflective,"Minimalism, Process-Based Aesthetics, Data-Driven Aesthetics","Presenting A Speculative Scenario, Visualizing The Invisible, Metaphorical Expression","New Materialism, Posthumanism","Art Gallery, Laboratory, Online Platform","Observational, Contemplative, Interpretive Engagement","Deep Time, Accelerated Time","Molecule, Building","Critique Of Data Capitalism, Legacy Of Technology","Picture, Video, Installation, Web Archive","데이터, 합성 생명체, 복합물질","바이오 해킹, 데이터 시각화, 자연 프로세스 제어","예술가 주도, 프로세스 주도, 비인간 주도",성찰적,"미니멀리즘, 프로세스 기반 미학, 데이터 기반 미학","사변적 시나리오 제시, 보이지 않는 것의 가시화, 은유적 표현","신유물론, 포스트휴머니즘","미술관, 실험실, 온라인 플랫폼","관찰적, 관조적, 해석적 참여","딥타임, 가속화된 시간","분자, 건축","데이터 자본주의 비판, 기술의 유산","사진, 비디오, 설치, 웹아카이브"
Xandra van der Eijk,Future Remnants,2018-,4,"Biological Traces, Composite Materials","Passive Collection, Classification, Archiving","Artist-Led, Nature-Culture Joint Leadership",Reflective,"Archive Aesthetics, Minimalism, Information Aesthetics","Materialization Of Data, Visualizing The Invisible, Presentation Of Evidence","Object-Oriented Ontology, Criticism Of The Anthropocene","Art Gallery, Gallery, Natural Environment","Observational, Contemplative, Inducing Shock And Reflection","Deep Time, Present Progressive Tense","Ecosystem, Planet","Criticism Of Consumer Capitalism, Environmental Policy","Installation, Archive, Picture, Map","생물학적 흔적, 복합물질","수동적 수집, 분류, 아카이빙","예술가 주도, 자연-문화 공동 주도",성찰적,"아카이브 미학, 미니멀리즘, 정보미학","데이터의 물질화, 보이지 않는 것의 가시화, 증거제시","객체 지향 존재론, 인류세 비판","미술관, 갤러리, 자연환경","관찰적, 관조적, 충격과 성찰 유도","딥타임, 현재 진행형","생태계, 행성","소비 자본주의 비판, 환경정책","설치, 아카이브, 사진, 지도"
Cecilia Jonsson,Haem,2016,4,"Human Body, Protein, Composite Materials","Bio-Geological Transformation, Extraction, Alchemical Process",Artist-Led,"Body Donation, Instrumentalization Of Living Matter, Blasphemy","Symbolism, Minimalism, Relational Aesthetics","Poetic Translation Of Scientific Facts, Metaphorical Expression, Visualization Of The Network","Biocentrism, Relational Ontology, Ecofeminism","Art Gallery, Laboratory, Community","Observational, Discourse Formation, Participatory (Endowment)","The Cycle Of Life, Geophysical Time","Body, Molecule, Planet","Bioethics, Donation Economy","Object, Picture, Text, Diagram","인간신체, 단백질, 복합물질","생물-지질학적 변환, 추출, 연금술적 과정",예술가 주도,"신체기증, 생명 물질의 도구화, 신성모독","상징주의, 미니멀리즘, 관계적 미학","과학적 사실의 시적 번역, 은유적 표현, 관계망의 시각화","생명 중심주의, 관계적 존재론, 생태 여성주의","미술관, 실험실, 커뮤니티","관찰적, 담론형성, 참여적 (기증)","생명의 순환, 지구물리학적 시간","신체, 분자, 행성","생명윤리, 기증경제","오브제, 사진, 텍스트, 다이어그램"
Cecilia Jonsson,The Iron Ring,2013,4,"Plant, Composite Materials, Biological Traces","Phytomining, Extraction, Smelting","Artist-Led, Joint Leadership In The Ecosystem","Subject Of Environmental Purification, Aestheticization Of Pollution","Symbolism, Process-Based, Indigenous Aesthetics","Visualizing The Invisible, Place-Specific Knowledge Production, Presentation Of Evidence","Ecocentrism, Site-Specific Practices","Natural Environment, Art Gallery, Community","Observational, Interpretive Engagement, Place-Specific Experiences","History Of Industry, Ecological Restoration","Local Ecosystem, Individual","Environmental Restoration, Industrial Heritage, Circular Economy","Object, Picture, Video, Map","식물, 복합물질, 생물학적 흔적","식물채광, 추출, 제련","예술가 주도, 생태계 공동 주도","환경 정화의 주체, 오염의 미학화","상징주의, 프로세스 기반, 토속적 미학","보이지 않는 것의 가시화, 장소 특정적 지식 생산, 증거제시","생태 중심주의, 장소 특정적 실천","자연환경, 미술관, 커뮤니티","관찰적, 해석적 참여, 장소 특정적 경험","산업의 역사, 생태적 회복","지역 생태계, 개인","환경복원, 산업유산, 순환경제","오브제, 사진, 비디오, 지도"
Dasha Tsapenko,Fur_tilize,2020,4,"Fungi, Plant, Composite Organism","Cell Culture, Ecological Assembly","Interspecies Co-Creation, Autonomous Biological Processes","Symbiotic, Care-Based, Reciprocity","Change And Growth, Temporality","Social Criticism, Future Proposal","Ecocentrism, New Materialism","Laboratory, Art Gallery, Biennale","Observational, Interpretive Engagement",Evolutionary,Individual Unit,"Criticism Of Commercialization, Circular Economy Proposal","Photographic Records, Material Residue, Lecture Performance","균류, 식물, 복합 조직체","세포배양, 생태학적 조립","종간 공동 창작, 자율적 생물 과정","공생적, 돌봄 기반, 호혜성","변화와 성장, 시간성","사회비판, 미래제안","생태 중심주의, 신유물론","실험실, 미술관, 비엔날레","관찰적, 해석적 참여",진화적,개체단위,"상품화 비판, 순환경제제안","사진기록, 물질적 잔여물, 강연 퍼포먼스"
Dasha Tsapenko,Living Mycelium Fashion,2020-,4,"Fungi, Plant, Mixture","Cell Culture, Biohacking","Human-Nonhuman Collaboration, Autonomous Biological Processes","Symbiotic, Care-Based, Relational Ethics","Extinction And Decay, Biological Morphology","Future Proposal, Social Criticism","Ecocentrism, New Materialism","Private Studio, Art Gallery, Online Platform","Observational, Interpretive Engagement",Temporary,Human Body Size,"Criticism Of Commercialization, Sustainability","Photographic Records, Narrative","균류, 식물, 혼합물질","세포배양, 바이오 해킹","인간-비인간 협업, 자율적 생물 과정","공생적, 돌봄 기반, 관계적 윤리","소멸과 부패, 생물학적 형태미","미래제안, 사회비판","생태 중심주의, 신유물론","사설 스튜디오, 미술관, 온라인 플랫폼","관찰적, 해석적 참여",일시적,인간 신체 규모,"상품화 비판, 지속가능성","사진기록, 내러티브"
Dasha Tsapenko,Growing Gunya,2022,4,"Fungi, Composite Organism","Cell Culture, Fusion Of Traditional Crafts","Human-Nonhuman Collaboration, Audience Intervention","Relational Ethics, Care-Based","Biological Morphology, Tactile, Patterns And Textures","Educational, Cultural Preservation","Ecocentrism, Site Specificity","Public Places, Community","Participatory, Interpretive Engagement",Continuous,Installation Scale,"Regionality, Criticism Of Commercialization","Photographic Records, Dictation, Material Residue","균류, 복합 조직체","세포배양, 전통 공예 융합","인간-비인간 협업, 관객의 개입","관계적 윤리, 돌봄 기반","생물학적 형태미, 촉각적, 패턴과 질감","교육적, 문화보존","생태 중심주의, 장소 특정성","공공장소, 커뮤니티","참여적, 해석적 참여",지속적,설치규모,"지역성, 상품화 비판","사진기록, 구술, 물질적 잔여물"
Anna Dumitriu,The MRSA Quilt,2011,4,"Microorganism (Bacteria), Textile","Cell Culture, Traditional Crafts","A Nexus Of Artist, Bacteria, And History",Visualization Of Risks,Domestic Objects,Publicizing The Issue Of Antibiotic Resistance,Ecofeminism,Gallery,Observational,Growth And Decay,Micro-Human,Criticism Of The Public Health System,Craft Objects,"미생물 (박테리아), 직물","세포배양, 전통공예",예술가-박테리아-역사의 결합,위험의 가시화,가정적 오브제,항생제 내성 문제 공론화,생태 여성주의,갤러리,관찰적,성장 및 소멸,미시적-인간적,공중 보건 시스템 비판,공예 오브제
Charlotte Jarvis,Erpatozoa: Her Semen,2016,4,Tissue Culture (Stem Cells),Tissue Engineering,"The Fusion Of Artist, Cell, And Technology",Conceptual Subversion,Biological Drag,Deconstructing The Gender Binary,"Ecofeminism, Queer Theory","Laboratory, Gallery","Interpretive, Discursive",Processual,Cellular,Criticism Of Patriarchy,"Video, Picture, Scientific Records",조직배양 (줄기세포),조직공학,예술가-세포-기술의 융합,개념적 전복,생물학적 드랙,젠더 이분법의 해체,"생태 여성주의, 퀴어이론","실험실, 갤러리","해석적, 담론적",과정적,세포적,가부장제 비판,"영상, 사진, 과학적 기록"
Anicka Yi,Life Is Cheap,2017,4,"Microorganism (Bacteria), Composite Organism","Cell Culture, Gene Editing, Ecological Assembly","Artist-Organism Joint Action, Nonhuman Agents","Olfactory, Synesthetic, Process-Based","Cellular (External), Microbiological","Observational, Sensual (Non-Visual)","Processual, Evolutionary","Architectural, Ecological","Identity Politics, Gender And Race, Contagion And Contamination","Posthumanism, New Materialism, Ecofeminism","Art Gallery, Gallery (White Cube)",Instrumentalization Of Life,"Living System, Speculative Narrative","미생물 (박테리아), 복합 조직체","세포배양, 유전자 편집, 생태학적 조립","예술가-유기체 공동 행위, 비인간 행위자","후각적, 공감각적, 과정기반","세포적 (외부), 미생물학적","관찰적, 감각적 (비시각)","과정적, 진화적","건축적, 생태계적","정체성 정치, 젠더와 인종, 전염과 오염","포스트휴머니즘, 신유물론, 생태 여성주의","미술관, 갤러리 (화이트 큐브)",생명체 도구화,"살아있는 시스템, 사변적 서사"
Heather Dewey-Hagborg,Stranger Visions,2012,4,"Extracted DNA, Biological Traces","Bioinformatics, 3D Printing, Data Visualization","Artist-Data Mediator, Algorithmic Generation","Conceptual, Forensic, Causes Anxiety","Data-Based, Genetic (Information)","Interpretive Engagement, Discursive","Stopped, Reconstructed",Human Body (Portrait),"Surveillance Society, Genetic Privacy, Forensic Power","Criticism Of Technological Determinism, Data Ontology","Gallery, Online Platform, Public Discourse","Use Of Genetic Information Without Consent, Racial Profiling","Algorithmic Representation, Speculative Portrait","추출 DNA, 생물학적 흔적","생물정보학, 3D 프린팅, 데이터 시각화","예술가-데이터 매개, 알고리즘적 생성","개념적, 법의학적, 불안감 유발","데이터적, 유전적 (정보)","해석적 참여, 담론적","정지된, 재구성된",인체적 (초상),"감시 사회, 유전적 프라이버시, 법의학적 권력","기술 결정론 비판, 데이터 존재론","갤러리, 온라인 플랫폼, 공공담론","동의 없는 유전 정보 사용, 인종적 프로파일링","알고리즘적 재현, 추측적 초상"
Alexandra Daisy Ginsberg,Designing for the Sixth Extinction,2013,4,,"AI Design, Ecological Simulation","Artist-Led Design, Virtual Actors","Speculative, Critical, Epic","Ecological, Virtual","Interpretive Engagement, Contemplative","Futuristic, Virtual","Ecological, Planetary","Synthetic Biology, De-Extinction, Biodiversity Conservation","Critique Of Technological Utopianism, Criticism Of Anthropocentrism","Art Gallery, Design Biennale, Academic Conference","Unintended Consequences Of Artificial Ecosystems, Invasion Of The Divine Realm","Speculative Design, Digital Rendering",,"AI 설계, 생태학적 시뮬레이션","예술가 주도 설계, 가상적 행위자","사변적, 비판적, 서사적","생태학적, 가상적","해석적 참여, 관조적","미래적, 가상적","생태계적, 행성적","합성생물학, 탈멸종, 생물다양성 보존","기술 유토피아니즘 비판, 인간 중심주의 비판","미술관, 디자인 비엔날레, 학술 컨퍼런스","인공 생태계의 의도치 않은 결과, 신의 영역 침범","사변적 디자인, 디지털 렌더링"
Amy Karle,Regenerative Relic,2016,4,"Tissue Culture (Cell Lines), Anti-Life, Human Body","Tissue Engineering, 3D Bioprinting, Cell Culture",Artist-Body-Technology Hybrid,"Process-Based, Meditative, A Sense Of Wonder","Cellular (External), Surgical (Potential)","Observational, Process Tracking","Growth, Healing",Human Body (Part),"Regenerative Medicine, Body Strengthening, Definition Of Life","Transhumanism, Posthumanism, Biocentrism","Laboratory, Gallery","Human-Animal Chimeras, Ownership Of Body Parts, Creation Of Life","Living Sculpture, Record Of The Process","조직배양 (세포주), 반-생명, 인간신체","조직공학, 3D 바이오 프린팅, 세포배양",예술가-신체-기술 하이브리드,"과정기반, 명상적, 경이감","세포적 (외부), 외과적 (잠재)","관찰적, 과정추적","성장적, 치유적",인체적 (부분),"재생의료, 신체강화, 생명의 정의","트랜스휴머니즘, 포스트휴머니즘, 생명 중심주의","실험실, 갤러리","인간-동물 키메라, 신체 부위의 소유권, 생명창조","살아있는 조각, 과정의 기록"
